question,type,value,notes
1,str,'55025',
2,dict,"{'48': 254, '13': 159, '51': 129, '21': 120, '29': 114}",
3,dict,"{'q1': 4.76837158203125e-05, 'q2': 4.76837158203125e-05}",
